Day,AMD,Intel
2013-02-08,2.59,21.0
2013-02-11,2.67,21.03
2013-02-12,2.77,21.19
2013-02-13,2.75,21.25
2013-02-14,2.75,21.23
2013-02-15,2.71,21.115
2013-02-19,2.82,21.085
2013-02-20,2.7,20.73
2013-02-21,2.6,20.25
2013-02-22,2.61,20.42
2013-02-25,2.53,20.23
2013-02-26,2.46,20.58
2013-02-27,2.53,20.93
2013-02-28,2.49,20.88
2013-03-01,2.42,21.03
2013-03-04,2.4,21.27
2013-03-05,2.43,21.51
2013-03-06,2.43,21.75
2013-03-07,2.55,21.89
2013-03-08,2.56,21.58
2013-03-11,2.59,21.69
2013-03-12,2.61,21.64
2013-03-13,2.6,21.655
2013-03-14,2.63,21.65
2013-03-15,2.6,21.375
2013-03-18,2.65,21.26
2013-03-19,2.67,21.14
2013-03-20,2.75,21.18
2013-03-21,2.64,21.04
2013-03-22,2.54,21.33
2013-03-25,2.51,21.15
2013-03-26,2.54,21.765
2013-03-27,2.55,21.83
2013-03-28,2.55,21.835
2013-04-01,2.44,21.43
2013-04-02,2.39,21.455
2013-04-03,2.32,21.05
2013-04-04,2.33,21.135
2013-04-05,2.29,20.94
2013-04-08,2.59,21.09
2013-04-09,2.63,21.75
2013-04-10,2.61,22.26
2013-04-11,2.52,21.825
2013-04-12,2.48,21.675
2013-04-15,2.4,21.38
2013-04-16,2.44,21.915
2013-04-17,2.4,21.93
2013-04-18,2.51,22.24
2013-04-19,2.47,22.44
2013-04-22,2.46,22.88
2013-04-23,2.53,23.375
2013-04-24,2.61,23.66
2013-04-25,2.68,23.38
2013-04-26,2.64,23.4
2013-04-29,2.68,23.76
2013-04-30,2.82,23.95
2013-05-01,3.22,23.99
2013-05-02,3.41,24.11
2013-05-03,3.6,23.96
2013-05-06,3.61,23.91
2013-05-07,3.54,24.15
2013-05-08,3.83,24.25
2013-05-09,3.86,24.36
2013-05-10,3.95,24.5
2013-05-13,4.17,24.08
2013-05-14,4.26,23.84
2013-05-15,4.38,24.2
2013-05-16,3.83,23.94
2013-05-17,4.07,24.04
2013-05-20,4.1,24.08
2013-05-21,4.02,24.15
2013-05-22,3.96,24.07
2013-05-23,4.01,24.05
2013-05-24,4.05,23.923
2013-05-28,4.05,24.08
2013-05-29,3.98,24.27
2013-05-30,4.04,24.21
2013-05-31,4.0,24.28
2013-06-03,3.96,25.24
2013-06-04,4.01,25.36
2013-06-05,3.91,24.7
2013-06-06,3.94,24.65
2013-06-07,3.91,24.59
2013-06-10,4.06,25.01
2013-06-11,3.96,24.71
2013-06-12,3.9,24.46
2013-06-13,3.95,24.99
2013-06-14,3.94,24.92
2013-06-17,4.05,25.1
2013-06-18,4.09,25.465
2013-06-19,4.07,25.0
2013-06-20,3.87,24.185
2013-06-21,4.0,24.195
2013-06-24,4.05,23.58
2013-06-25,4.15,23.88
2013-06-26,4.14,24.005
2013-06-27,4.08,24.05
2013-06-28,4.08,24.23
2013-07-01,4.1,23.886
2013-07-02,3.97,23.72
2013-07-03,4.06,23.762
2013-07-05,4.07,24.06
2013-07-08,4.0,23.185
2013-07-09,4.05,23.135
2013-07-10,3.98,23.25
2013-07-11,4.45,23.99
2013-07-12,4.32,23.9
2013-07-15,4.4,23.94
2013-07-16,4.43,24.25
2013-07-17,4.38,24.15
2013-07-18,4.64,23.244
2013-07-19,4.03,23.04
2013-07-22,3.9,22.77
2013-07-23,3.66,22.75
2013-07-24,3.63,22.93
2013-07-25,3.7,23.06
2013-07-26,3.82,23.26
2013-07-29,3.75,23.24
2013-07-30,3.82,23.38
2013-07-31,3.77,23.335
2013-08-01,3.81,23.2
2013-08-02,3.8,23.22
2013-08-05,3.82,22.924
2013-08-06,3.72,22.8
2013-08-07,3.69,22.7
2013-08-08,3.71,22.45
2013-08-09,3.65,22.51
2013-08-12,3.65,22.64
2013-08-13,3.69,22.52
2013-08-14,3.82,22.57
2013-08-15,3.69,22.03
2013-08-16,3.66,21.915
2013-08-19,3.6,22.28
2013-08-20,3.63,22.523
2013-08-21,3.61,22.17
2013-08-22,3.63,22.26
2013-08-23,3.65,22.44
2013-08-26,3.58,22.275
2013-08-27,3.39,22.191
2013-08-28,3.42,22.285
2013-08-29,3.38,22.06
2013-08-30,3.27,21.98
2013-09-03,3.27,22.067
2013-09-04,3.31,22.635
2013-09-05,3.41,22.6
2013-09-06,3.57,22.67
2013-09-09,3.69,22.91
2013-09-10,3.87,22.985
2013-09-11,3.82,22.81
2013-09-12,3.75,22.63
2013-09-13,3.83,23.44
2013-09-16,3.82,23.39
2013-09-17,3.85,23.74
2013-09-18,3.93,23.9
2013-09-19,3.95,23.915
2013-09-20,3.83,23.769
2013-09-23,3.79,23.62
2013-09-24,3.8,23.705
2013-09-25,3.91,23.7
2013-09-26,3.89,23.41
2013-09-27,3.86,22.98
2013-09-30,3.81,22.921
2013-10-01,3.86,22.83
2013-10-02,3.9,22.885
2013-10-03,3.9,22.6
2013-10-04,3.91,22.81
2013-10-07,3.86,22.83
2013-10-08,3.72,22.48
2013-10-09,3.65,22.59
2013-10-10,3.79,23.1
2013-10-11,3.83,23.255
2013-10-14,3.97,23.45
2013-10-15,4.02,23.39
2013-10-16,4.09,23.695
2013-10-17,4.09,23.92
2013-10-18,3.53,23.875
2013-10-21,3.37,24.135
2013-10-22,3.18,24.071
2013-10-23,3.14,23.735
2013-10-24,3.23,23.78
2013-10-25,3.34,24.235
2013-10-28,3.32,24.36
2013-10-29,3.33,24.523
2013-10-30,3.3,24.495
2013-10-31,3.34,24.47
2013-11-01,3.31,24.325
2013-11-04,3.32,24.255
2013-11-05,3.33,24.03
2013-11-06,3.32,24.245
2013-11-07,3.28,24.059
2013-11-08,3.27,24.09
2013-11-11,3.34,24.169
2013-11-12,3.44,24.43
2013-11-13,3.54,24.6
2013-11-14,3.52,24.385
2013-11-15,3.5,24.52
2013-11-18,3.47,24.6
2013-11-19,3.42,24.7
2013-11-20,3.42,24.56
2013-11-21,3.37,25.23
2013-11-22,3.34,23.87
2013-11-25,3.39,23.75
2013-11-26,3.45,23.65
2013-11-27,3.56,23.9
2013-11-29,3.64,23.84
2013-12-02,3.66,23.7
2013-12-03,3.62,23.55
2013-12-04,3.57,23.74
2013-12-05,3.64,24.26
2013-12-06,3.66,24.82
2013-12-09,3.63,24.93
2013-12-10,3.72,24.82
2013-12-11,3.68,24.42
2013-12-12,3.69,24.47
2013-12-13,3.69,24.29
2013-12-16,3.59,24.45
2013-12-17,3.65,24.655
2013-12-18,3.65,25.15
2013-12-19,3.65,25.14
2013-12-20,3.69,25.055
2013-12-23,3.75,25.32
2013-12-24,3.77,25.43
2013-12-26,3.8,25.7
2013-12-27,3.78,25.6
2013-12-30,3.85,25.85
2013-12-31,3.87,25.955
2014-01-02,3.95,25.79
2014-01-03,4.0,25.78
2014-01-06,4.13,25.46
2014-01-07,4.18,25.585
2014-01-08,4.18,25.43
2014-01-09,4.09,25.31
2014-01-10,4.17,25.53
2014-01-13,4.13,25.5
2014-01-14,4.3,26.51
2014-01-15,4.47,26.67
2014-01-16,4.38,26.54
2014-01-17,4.18,25.85
2014-01-21,4.17,25.59
2014-01-22,3.67,25.31
2014-01-23,3.62,25.13
2014-01-24,3.47,24.81
2014-01-27,3.41,24.72
2014-01-28,3.54,24.9
2014-01-29,3.48,24.68
2014-01-30,3.48,24.74
2014-01-31,3.43,24.54
2014-02-03,3.33,23.95
2014-02-04,3.37,23.82
2014-02-05,3.31,23.52
2014-02-06,3.41,23.99
2014-02-07,3.47,24.205
2014-02-10,3.63,24.29
2014-02-11,3.7,24.47
2014-02-12,3.69,24.55
2014-02-13,3.7,24.7
2014-02-14,3.69,24.755
2014-02-18,3.7,24.76
2014-02-19,3.72,24.5
2014-02-20,3.69,24.74
2014-02-21,3.69,24.42
2014-02-24,3.71,24.63
2014-02-25,3.69,24.62
2014-02-26,3.7,24.8
2014-02-27,3.71,24.76
2014-02-28,3.71,24.76
2014-03-03,3.67,24.5
2014-03-04,3.7,24.61
2014-03-05,3.71,24.5
2014-03-06,3.73,24.63
2014-03-07,3.95,24.64
2014-03-10,3.81,24.84
2014-03-11,3.85,24.73
2014-03-12,3.91,24.76
2014-03-13,3.86,24.57
2014-03-14,3.85,24.5
2014-03-17,3.8,24.7
2014-03-18,3.89,24.82
2014-03-19,3.98,25.02
2014-03-20,4.05,25.425
2014-03-21,4.04,25.17
2014-03-24,4.05,25.12
2014-03-25,4.05,25.46
2014-03-26,4.05,25.3772
2014-03-27,3.91,25.31
2014-03-28,3.88,25.62
2014-03-31,4.01,25.814
2014-04-01,4.07,25.99
2014-04-02,4.06,25.89
2014-04-03,4.0,26.41
2014-04-04,4.01,26.16
2014-04-07,3.88,26.485
2014-04-08,3.99,26.91
2014-04-09,3.98,26.98
2014-04-10,3.85,26.425
2014-04-11,3.65,26.1799
2014-04-14,3.71,26.56
2014-04-15,3.79,26.77
2014-04-16,3.76,26.93
2014-04-17,3.69,27.04
2014-04-21,4.12,26.95
2014-04-22,4.3,26.84
2014-04-23,4.25,26.75
2014-04-24,4.28,26.75
2014-04-25,4.05,26.26
2014-04-28,3.96,26.33
2014-04-29,4.03,26.48
2014-04-30,4.09,26.69
2014-05-01,4.2,26.45
2014-05-02,4.12,26.41
2014-05-05,4.09,26.17
2014-05-06,4.01,26.2
2014-05-07,3.97,26.37
2014-05-08,3.93,26.34
2014-05-09,3.87,26.3
2014-05-12,3.97,26.37
2014-05-13,4.03,26.45
2014-05-14,3.98,26.33
2014-05-15,3.96,26.01
2014-05-16,4.02,25.82
2014-05-19,4.09,26.04
2014-05-20,4.05,26.04
2014-05-21,4.1,26.2
2014-05-22,4.01,26.15
2014-05-23,4.02,26.289
2014-05-27,4.04,26.71
2014-05-28,4.0,26.88
2014-05-29,4.03,26.96
2014-05-30,4.0,27.32
2014-06-02,3.97,27.26
2014-06-03,3.94,27.66
2014-06-04,4.04,27.6
2014-06-05,4.08,27.66
2014-06-06,4.06,28.17
2014-06-09,4.07,27.91
2014-06-10,4.2,28.24
2014-06-11,4.29,27.93
2014-06-12,4.29,27.96
2014-06-13,4.28,29.87
2014-06-16,4.44,30.01
2014-06-17,4.47,29.95
2014-06-18,4.4,29.93
2014-06-19,4.36,30.09
2014-06-20,4.1,30.2
2014-06-23,4.01,30.23
2014-06-24,3.94,30.5
2014-06-25,3.96,30.88
2014-06-26,4.03,30.78
2014-06-27,4.11,30.93
2014-06-30,4.19,30.9
2014-07-01,4.22,30.98
2014-07-02,4.34,30.98
2014-07-03,4.24,31.14
2014-07-07,4.26,31.03
2014-07-08,4.22,30.79
2014-07-09,4.23,30.89
2014-07-10,4.29,31.26
2014-07-11,4.37,31.25
2014-07-14,4.64,31.49
2014-07-15,4.53,31.71
2014-07-16,4.66,34.65
2014-07-17,4.57,33.7
2014-07-18,3.83,33.7
2014-07-21,3.78,34.06
2014-07-22,3.8,34.7901
2014-07-23,3.76,34.5
2014-07-24,3.73,34.25
2014-07-25,3.76,34.25
2014-07-28,3.73,34.23
2014-07-29,3.79,34.19
2014-07-30,3.82,34.35
2014-07-31,3.91,33.89
2014-08-01,3.97,33.745
2014-08-04,4.0,34.05
2014-08-05,4.08,32.82
2014-08-06,4.12,32.845
2014-08-07,4.1,32.68
2014-08-08,4.12,32.6
2014-08-11,4.14,33.02
2014-08-12,4.08,33.13
2014-08-13,4.11,34.1
2014-08-14,4.08,33.94
2014-08-15,4.13,34.17
2014-08-18,4.21,34.41
2014-08-19,4.27,34.34
2014-08-20,4.28,34.5
2014-08-21,4.24,35.15
2014-08-22,4.25,34.94
2014-08-25,4.18,34.81
2014-08-26,4.19,34.8
2014-08-27,4.16,34.79
2014-08-28,4.14,34.65
2014-08-29,4.17,34.92
2014-09-02,4.16,34.57
2014-09-03,4.19,34.57
2014-09-04,4.15,34.905
2014-09-05,4.15,35.0
2014-09-08,4.13,35.33
2014-09-09,4.08,34.91
2014-09-10,4.08,35.02
2014-09-11,4.08,35.02
2014-09-12,3.96,34.62
2014-09-15,3.91,34.54
2014-09-16,3.81,34.93
2014-09-17,3.82,34.98
2014-09-18,3.88,35.17
2014-09-19,3.81,34.82
2014-09-22,3.76,34.71
2014-09-23,3.69,34.42
2014-09-24,3.7,34.75
2014-09-25,3.63,34.14
2014-09-26,3.6,34.26
2014-09-29,3.55,34.9
2014-09-30,3.41,34.82
2014-10-01,3.35,33.99
2014-10-02,3.39,33.52
2014-10-03,3.4,34.03
2014-10-06,3.36,34.11
2014-10-07,3.28,33.47
2014-10-08,3.28,34.27
2014-10-09,2.95,33.62
2014-10-10,2.72,31.91
2014-10-13,2.74,31.47
2014-10-14,2.62,32.14
2014-10-15,2.61,31.275
2014-10-16,2.64,30.85
2014-10-17,2.72,31.38
2014-10-20,2.67,31.58
2014-10-21,2.77,32.61
2014-10-22,2.64,32.27
2014-10-23,2.69,32.69
2014-10-24,2.68,33.18
2014-10-27,2.66,33.2
2014-10-28,2.72,33.74
2014-10-29,2.77,33.92
2014-10-30,2.75,32.58
2014-10-31,2.8,34.01
2014-11-03,2.87,34.31
2014-11-04,2.83,34.54
2014-11-05,2.8,33.76
2014-11-06,2.76,33.82
2014-11-07,2.78,33.58
2014-11-10,2.76,33.26
2014-11-11,2.73,33.31
2014-11-12,2.71,33.38
2014-11-13,2.66,33.68
2014-11-14,2.61,33.95
2014-11-17,2.67,34.24
2014-11-18,2.65,34.71
2014-11-19,2.63,34.35
2014-11-20,2.69,35.95
2014-11-21,2.77,35.59
2014-11-24,2.83,36.25
2014-11-25,2.83,36.32
2014-11-26,2.84,36.9
2014-11-28,2.79,37.25
2014-12-01,2.67,37.17
2014-12-02,2.68,37.6
2014-12-03,2.74,37.43
2014-12-04,2.69,37.46
2014-12-05,2.66,37.67
2014-12-08,2.58,37.2
2014-12-09,2.59,36.89
2014-12-10,2.48,36.42
2014-12-11,2.49,36.7
2014-12-12,2.52,36.225
2014-12-15,2.47,35.92
2014-12-16,2.5,35.56
2014-12-17,2.55,36.24
2014-12-18,2.55,37.02
2014-12-19,2.57,36.37
2014-12-22,2.66,37.21
2014-12-23,2.67,37.43
2014-12-24,2.65,37.44
2014-12-26,2.65,37.55
2014-12-29,2.66,37.18
2014-12-30,2.63,36.76
2014-12-31,2.67,36.29
2015-01-02,2.69,36.36
2015-01-05,2.66,35.95
2015-01-06,2.63,35.28
2015-01-07,2.58,36.02
2015-01-08,2.61,36.69
2015-01-09,2.63,36.76
2015-01-12,2.63,36.6
2015-01-13,2.66,36.5
2015-01-14,2.63,36.35
2015-01-15,2.52,36.19
2015-01-16,2.39,36.45
2015-01-20,2.24,36.09
2015-01-21,2.45,36.48
2015-01-22,2.47,36.91
2015-01-23,2.45,36.445
2015-01-26,2.61,35.805
2015-01-27,2.7,34.185
2015-01-28,2.63,33.775
2015-01-29,2.61,34.21
2015-01-30,2.57,33.04
2015-02-02,2.67,33.65
2015-02-03,2.76,33.7
2015-02-04,2.85,33.6
2015-02-05,3.31,33.94
2015-02-06,3.03,33.295
2015-02-09,3.04,32.93
2015-02-10,3.04,33.7
2015-02-11,3.07,33.55
2015-02-12,3.12,34.125
2015-02-13,3.15,34.36
2015-02-17,3.11,34.735
2015-02-18,3.08,34.265
2015-02-19,3.055,34.21
2015-02-20,3.06,34.41
2015-02-23,3.06,33.76
2015-02-24,3.11,34.41
2015-02-25,3.1,33.945
2015-02-26,3.08,33.65
2015-02-27,3.11,33.25
2015-03-02,3.21,34.06
2015-03-03,3.14,34.095
2015-03-04,3.05,34.12
2015-03-05,2.98,33.73
2015-03-06,2.92,33.19
2015-03-09,2.93,32.72
2015-03-10,2.92,31.7
2015-03-11,2.84,32.33
2015-03-12,2.76,30.8
2015-03-13,2.75,30.93
2015-03-16,2.76,30.83
2015-03-17,2.77,30.59
2015-03-18,2.75,30.89
2015-03-19,2.74,30.74
2015-03-20,2.8,31.31
2015-03-23,2.84,31.2
2015-03-24,2.79,30.79
2015-03-25,2.63,29.89
2015-03-26,2.65,30.08
2015-03-27,2.72,32.0
2015-03-30,2.7,31.46
2015-03-31,2.68,31.27
2015-04-01,2.69,30.81
2015-04-02,2.69,30.81
2015-04-06,2.7,31.04
2015-04-07,2.7,31.26
2015-04-08,2.71,31.31
2015-04-09,2.72,31.24
2015-04-10,2.76,31.93
2015-04-13,2.78,31.73
2015-04-14,2.67,31.49
2015-04-15,2.7,32.83
2015-04-16,2.87,32.87
2015-04-17,2.575,32.47
2015-04-20,2.49,32.73
2015-04-21,2.35,32.43
2015-04-22,2.28,32.7
2015-04-23,2.33,32.35
2015-04-24,2.3,32.08
2015-04-27,2.34,32.5
2015-04-28,2.31,33.02
2015-04-29,2.28,32.885
2015-04-30,2.26,32.55
2015-05-01,2.31,33.42
2015-05-04,2.31,33.43
2015-05-05,2.28,32.64
2015-05-06,2.29,32.22
2015-05-07,2.32,32.245
2015-05-08,2.31,32.8
2015-05-11,2.32,32.69
2015-05-12,2.35,32.25
2015-05-13,2.37,32.64
2015-05-14,2.33,32.97
2015-05-15,2.32,32.99
2015-05-18,2.35,33.41
2015-05-19,2.28,33.15
2015-05-20,2.32,33.37
2015-05-21,2.28,33.55
2015-05-22,2.28,33.45
2015-05-26,2.22,33.105
2015-05-27,2.28,33.71
2015-05-28,2.27,34.01
2015-05-29,2.28,34.46
2015-06-01,2.25,33.905
2015-06-02,2.3,33.27
2015-06-03,2.28,32.73
2015-06-04,2.33,32.31
2015-06-05,2.33,31.84
2015-06-08,2.31,31.3
2015-06-09,2.29,31.25
2015-06-10,2.32,31.82
2015-06-11,2.32,31.85
2015-06-12,2.31,31.32
2015-06-15,2.32,31.39
2015-06-16,2.35,31.635
2015-06-17,2.47,31.95
2015-06-18,2.52,32.38
2015-06-19,2.58,32.07
2015-06-22,2.62,32.26
2015-06-23,2.61,32.085
2015-06-24,2.62,31.91
2015-06-25,2.58,31.99
2015-06-26,2.47,31.02
2015-06-29,2.34,30.39
2015-06-30,2.4,30.415
2015-07-01,2.42,30.18
2015-07-02,2.53,30.555
2015-07-06,2.47,30.04
2015-07-07,2.09,29.9
2015-07-08,2.01,29.5
2015-07-09,1.98,28.93
2015-07-10,1.96,29.17
2015-07-13,1.96,29.73
2015-07-14,2.05,29.65
2015-07-15,1.96,29.69
2015-07-16,1.87,29.9
2015-07-17,1.79,29.47
2015-07-20,1.8,29.1
2015-07-21,1.8,28.72
2015-07-22,1.79,28.605
2015-07-23,1.76,28.595
2015-07-24,1.67,28.06
2015-07-27,1.62,28.35
2015-07-28,1.77,28.96
2015-07-29,1.96,29.01
2015-07-30,1.93,28.91
2015-07-31,1.93,28.95
2015-08-03,2.2,29.05
2015-08-04,2.13,29.13
2015-08-05,2.16,29.12
2015-08-06,2.11,29.01
2015-08-07,2.09,28.88
2015-08-10,1.93,29.64
2015-08-11,1.9,28.97
2015-08-12,1.9,29.46
2015-08-13,1.79,28.87
2015-08-14,1.84,29.02
2015-08-17,1.8,29.08
2015-08-18,1.8,28.91
2015-08-19,1.8,28.36
2015-08-20,1.7,27.53
2015-08-21,1.78,26.56
2015-08-24,1.75,26.25
2015-08-25,1.66,25.87
2015-08-26,1.72,27.3
2015-08-27,1.78,27.72
2015-08-28,1.85,28.42
2015-08-31,1.81,28.54
2015-09-01,1.71,27.82
2015-09-02,1.77,28.6
2015-09-03,1.79,29.08
2015-09-04,1.82,28.52
2015-09-08,1.88,29.5
2015-09-09,1.85,29.24
2015-09-10,1.84,29.27
2015-09-11,2.01,29.47
2015-09-14,1.82,29.39
2015-09-15,1.86,29.73
2015-09-16,1.89,29.77
2015-09-17,1.89,29.71
2015-09-18,1.87,29.02
2015-09-21,1.81,29.16
2015-09-22,1.73,28.67
2015-09-23,1.7,28.74
2015-09-24,1.72,28.48
2015-09-25,1.71,28.81
2015-09-28,1.66,28.76
2015-09-29,1.67,29.24
2015-09-30,1.72,30.14
2015-10-01,1.74,30.0
2015-10-02,1.83,30.51
2015-10-05,1.8,31.21
2015-10-06,1.83,31.74
2015-10-07,1.86,32.315
2015-10-08,1.93,32.52
2015-10-09,1.96,32.14
2015-10-12,1.87,32.21
2015-10-13,1.92,32.04
2015-10-14,1.95,32.8
2015-10-15,1.97,32.75
2015-10-16,1.94,33.04
2015-10-19,2.01,33.59
2015-10-20,2.02,33.44
2015-10-21,2.1,33.37
2015-10-22,2.14,34.4
2015-10-23,2.21,34.9
2015-10-26,2.15,34.59
2015-10-27,2.15,34.47
2015-10-28,2.18,34.71
2015-10-29,2.13,34.03
2015-10-30,2.12,33.86
2015-11-02,2.19,34.11
2015-11-03,2.28,34.31
2015-11-04,2.2,34.15
2015-11-05,2.2,34.0
2015-11-06,2.15,33.84
2015-11-09,2.11,33.35
2015-11-10,2.02,33.21
2015-11-11,2.07,32.86
2015-11-12,2.0,32.4
2015-11-13,1.99,32.11
2015-11-16,1.99,32.1
2015-11-17,1.98,32.64
2015-11-18,2.12,33.16
2015-11-19,2.14,34.3
2015-11-20,2.22,34.66
2015-11-23,2.22,34.48
2015-11-24,2.34,34.36
2015-11-25,2.38,34.45
2015-11-27,2.33,34.46
2015-11-30,2.36,34.77
2015-12-01,2.34,35.09
2015-12-02,2.27,34.83
2015-12-03,2.23,34.04
2015-12-04,2.28,34.935
2015-12-07,2.355,34.985
2015-12-08,2.39,34.75
2015-12-09,2.35,34.81
2015-12-10,2.45,34.77
2015-12-11,2.36,34.27
2015-12-14,2.34,34.47
2015-12-15,2.36,35.18
2015-12-16,2.54,35.3
2015-12-17,2.56,34.91
2015-12-18,2.45,33.865
2015-12-21,2.53,34.24
2015-12-22,2.77,34.73
2015-12-23,2.83,35.0
2015-12-24,2.92,34.98
2015-12-28,3.0,34.93
2015-12-29,3.0,35.44
2015-12-30,2.98,34.99
2015-12-31,2.87,34.45
2016-01-04,2.77,33.99
2016-01-05,2.75,33.83
2016-01-06,2.505,33.08
2016-01-07,2.275,31.84
2016-01-08,2.14,31.51
2016-01-11,2.34,32.06
2016-01-12,2.39,32.68
2016-01-13,2.25,31.91
2016-01-14,2.21,32.74
2016-01-15,2.03,29.76
2016-01-19,1.95,29.8
2016-01-20,1.8,29.59
2016-01-21,2.09,29.66
2016-01-22,2.02,29.925
2016-01-25,2.12,29.6
2016-01-26,2.07,29.94
2016-01-27,2.13,29.81
2016-01-28,2.08,29.97
2016-01-29,2.2,31.02
2016-02-01,2.14,30.82
2016-02-02,1.99,29.8
2016-02-03,2.07,29.34
2016-02-04,2.09,29.77
2016-02-05,1.98,29.04
2016-02-08,1.93,28.82
2016-02-09,1.9,28.81
2016-02-10,1.84,28.23
2016-02-11,1.86,28.22
2016-02-12,1.83,28.64
2016-02-16,1.83,28.78
2016-02-17,1.9,29.47
2016-02-18,1.91,29.42
2016-02-19,1.91,28.71
2016-02-22,2.01,29.35
2016-02-23,1.97,28.8
2016-02-24,2.02,29.19
2016-02-25,2.03,29.62
2016-02-26,2.07,29.8
2016-02-29,2.14,29.59
2016-03-01,2.18,30.37
2016-03-02,2.32,30.54
2016-03-03,2.46,30.58
2016-03-04,2.37,30.63
2016-03-07,2.47,30.94
2016-03-08,2.3,30.56
2016-03-09,2.26,30.865
2016-03-10,2.26,31.25
2016-03-11,2.52,31.76
2016-03-14,2.72,31.43
2016-03-15,2.49,31.65
2016-03-16,2.63,31.69
2016-03-17,2.8,31.98
2016-03-18,2.93,32.68
2016-03-21,2.8,32.34
2016-03-22,2.79,32.32
2016-03-23,2.68,32.0
2016-03-24,2.79,31.88
2016-03-28,2.78,31.9
2016-03-29,2.86,32.38
2016-03-30,2.86,32.71
2016-03-31,2.85,32.35
2016-04-01,2.83,32.45
2016-04-04,2.83,32.0
2016-04-05,2.76,31.9
2016-04-06,2.8,32.08
2016-04-07,2.64,31.55
2016-04-08,2.74,31.63
2016-04-11,2.76,31.67
2016-04-12,2.81,31.86
2016-04-13,2.8,32.13
2016-04-14,2.72,31.8
2016-04-15,2.7,31.46
2016-04-18,2.76,31.65
2016-04-19,2.62,31.6
2016-04-20,2.7,32.0
2016-04-21,2.62,31.97
2016-04-22,3.99,31.64
2016-04-25,3.45,31.39
2016-04-26,3.66,31.4
2016-04-27,3.73,31.75
2016-04-28,3.61,31.11
2016-04-29,3.55,30.28
2016-05-02,3.74,30.61
2016-05-03,3.6,30.36
2016-05-04,3.6,29.85
2016-05-05,3.66,29.9
2016-05-06,3.68,30.04
2016-05-09,3.65,29.8
2016-05-10,3.64,30.14
2016-05-11,3.65,30.06
2016-05-12,3.59,29.76
2016-05-13,3.67,29.91
2016-05-16,3.79,30.39
2016-05-17,3.79,29.98
2016-05-18,3.84,29.99
2016-05-19,3.77,29.63
2016-05-20,3.87,30.15
2016-05-23,4.04,30.23
2016-05-24,4.2,31.06
2016-05-25,4.18,31.39
2016-05-26,4.35,31.49
2016-05-27,4.6,31.57
2016-05-31,4.57,31.59
2016-06-01,4.43,31.66
2016-06-02,4.24,31.76
2016-06-03,4.16,31.62
2016-06-06,4.47,31.68
2016-06-07,4.51,31.88
2016-06-08,4.46,31.89
2016-06-09,4.52,31.94
2016-06-10,4.32,32.04
2016-06-13,4.4,32.17
2016-06-14,4.39,32.14
2016-06-15,4.42,31.61
2016-06-16,4.75,31.69
2016-06-17,5.26,31.76
2016-06-20,5.1,32.17
2016-06-21,5.45,32.32
2016-06-22,5.02,32.29
2016-06-23,5.21,32.99
2016-06-24,4.88,31.55
2016-06-27,4.72,30.72
2016-06-28,5.12,31.19
2016-06-29,5.13,31.93
2016-06-30,5.14,32.8
2016-07-01,5.07,32.75
2016-07-05,4.96,32.68
2016-07-06,5.04,32.97
2016-07-07,5.02,33.2
2016-07-08,5.1,34.0
2016-07-11,5.01,34.38
2016-07-12,5.14,34.94
2016-07-13,5.09,35.01
2016-07-14,5.17,35.2
2016-07-15,5.14,35.07
2016-07-18,5.51,35.05
2016-07-19,5.41,35.15
2016-07-20,5.41,35.69
2016-07-21,5.22,34.27
2016-07-22,5.84,34.66
2016-07-25,6.7,34.69
2016-07-26,6.98,35.09
2016-07-27,6.85,34.83
2016-07-28,6.82,34.77
2016-07-29,6.86,34.86
2016-08-01,6.64,34.85
2016-08-02,6.26,34.56
2016-08-03,6.3,34.25
2016-08-04,6.47,34.58
2016-08-05,6.61,34.98
2016-08-08,6.68,35.04
2016-08-09,6.6,34.92
2016-08-10,6.49,34.53
2016-08-11,6.58,34.68
2016-08-12,6.73,34.57
2016-08-15,6.95,34.91
2016-08-16,6.78,35.21
2016-08-17,6.68,35.02
2016-08-18,7.04,34.97
2016-08-19,7.62,35.24
2016-08-22,7.58,35.36
2016-08-23,7.67,35.4
2016-08-24,7.43,35.15
2016-08-25,7.465,35.09
2016-08-26,7.67,35.26
2016-08-29,7.59,35.55
2016-08-30,7.49,35.7
2016-08-31,7.4,35.89
2016-09-01,7.35,36.02
2016-09-02,7.51,36.08
2016-09-06,7.34,36.57
2016-09-07,6.84,36.46
2016-09-08,6.225,36.44
2016-09-09,5.9,35.44
2016-09-12,5.94,36.08
2016-09-13,5.74,35.61
2016-09-14,6.04,35.62
2016-09-15,6.02,36.56
2016-09-16,6.05,37.67
2016-09-19,6.16,37.16
2016-09-20,6.17,37.14
2016-09-21,6.29,37.45
2016-09-22,6.37,37.55
2016-09-23,6.55,37.19
2016-09-26,6.32,36.65
2016-09-27,6.54,37.18
2016-09-28,6.59,37.44
2016-09-29,6.67,37.32
2016-09-30,6.91,37.75
2016-10-03,6.95,37.66
2016-10-04,6.97,37.54
2016-10-05,6.78,37.99
2016-10-06,6.96,38.07
2016-10-07,6.75,38.1
2016-10-10,6.84,38.02
2016-10-11,6.5,37.27
2016-10-12,6.62,37.13
2016-10-13,6.49,36.97
2016-10-14,6.75,37.45
2016-10-17,6.67,37.29
2016-10-18,6.73,37.75
2016-10-19,6.77,35.51
2016-10-20,6.96,35.43
2016-10-21,6.52,35.15
2016-10-24,7.005,35.26
2016-10-25,7.5,35.1
2016-10-26,7.29,34.92
2016-10-27,7.11,34.81
2016-10-28,7.2,34.74
2016-10-31,7.23,34.87
2016-11-01,7.09,34.52
2016-11-02,6.76,34.6
2016-11-03,6.7,33.93
2016-11-04,6.56,33.61
2016-11-07,6.96,34.69
2016-11-08,7.0,34.74
2016-11-09,6.94,34.75
2016-11-10,6.295,34.5
2016-11-11,6.685,34.61
2016-11-14,6.79,34.48
2016-11-15,6.97,34.91
2016-11-16,7.67,34.84
2016-11-17,8.46,35.02
2016-11-18,8.71,34.95
2016-11-21,8.94,34.98
2016-11-22,8.69,35.48
2016-11-23,8.8,35.2
2016-11-25,8.77,35.44
2016-11-28,8.83,35.51
2016-11-29,8.93,35.31
2016-11-30,8.91,34.7
2016-12-01,8.39,33.76
2016-12-02,8.53,34.16
2016-12-05,8.68,34.39
2016-12-06,9.45,34.72
2016-12-07,9.56,35.5
2016-12-08,10.34,35.7
2016-12-09,10.34,35.76
2016-12-12,10.68,35.97
2016-12-13,10.54,36.8
2016-12-14,10.55,36.55
2016-12-15,10.86,36.79
2016-12-16,10.66,36.31
2016-12-19,10.95,36.89
2016-12-20,11.51,37.21
2016-12-21,11.47,36.98
2016-12-22,11.6,36.93
2016-12-23,11.58,36.97
2016-12-27,12.07,37.07
2016-12-28,11.55,36.63
2016-12-29,11.59,36.66
2016-12-30,11.34,36.27
2017-01-03,11.43,36.6
2017-01-04,11.43,36.41
2017-01-05,11.24,36.35
2017-01-06,11.32,36.48
2017-01-09,11.49,36.61
2017-01-10,11.44,36.54
2017-01-11,11.2,36.95
2017-01-12,10.76,36.71
2017-01-13,10.58,36.79
2017-01-17,9.82,36.8
2017-01-18,9.88,36.76
2017-01-19,9.77,36.57
2017-01-20,9.75,36.94
2017-01-23,9.91,36.77
2017-01-24,10.44,37.62
2017-01-25,10.35,37.8
2017-01-26,10.52,37.56
2017-01-27,10.67,37.98
2017-01-30,10.61,37.42
2017-01-31,10.37,36.82
2017-02-01,12.06,36.52
2017-02-02,12.28,36.68
2017-02-03,12.24,36.52
2017-02-06,13.63,36.27
2017-02-07,13.29,36.35
2017-02-08,13.56,36.38
2017-02-09,13.42,35.46
2017-02-10,13.58,35.34
2017-02-13,13.49,35.8
2017-02-14,13.26,35.93
2017-02-15,13.3,36.05
2017-02-16,12.97,36.41
2017-02-17,13.13,36.48
2017-02-21,14.0,36.52
2017-02-22,14.28,36.07
2017-02-23,14.32,36.18
2017-02-24,14.12,36.53
2017-02-27,15.2,36.51
2017-02-28,14.46,36.2
2017-03-01,14.96,35.93
2017-03-02,13.9,35.91
2017-03-03,13.03,35.9
2017-03-06,13.04,35.57
2017-03-07,13.05,35.8
2017-03-08,13.22,35.62
2017-03-09,13.33,35.82
2017-03-10,13.91,35.91
2017-03-13,14.28,35.16
2017-03-14,14.1,35.18
2017-03-15,13.98,35.1
2017-03-16,13.65,35.14
2017-03-17,13.49,35.27
2017-03-20,14.4,35.43
2017-03-21,13.82,35.04
2017-03-22,14.1,35.37
2017-03-23,13.79,35.27
2017-03-24,13.7,35.16
2017-03-27,13.7,35.39
2017-03-28,13.69,35.6
2017-03-29,13.71,35.57
2017-03-30,14.05,35.75
2017-03-31,14.55,36.07
2017-04-03,14.64,36.16
2017-04-04,14.16,36.28
2017-04-05,14.17,36.22
2017-04-06,13.27,36.03
2017-04-07,13.52,36.03
2017-04-10,13.1,35.8
2017-04-11,13.1,35.74
2017-04-12,12.76,35.63
2017-04-13,12.31,35.25
2017-04-17,12.79,35.48
2017-04-18,12.95,35.765
2017-04-19,12.84,35.91
2017-04-20,13.11,36.18
2017-04-21,13.0,36.32
2017-04-24,13.13,36.75
2017-04-25,13.49,36.87
2017-04-26,13.41,36.93
2017-04-27,13.62,37.43
2017-04-28,13.3,36.15
2017-05-01,13.62,36.31
2017-05-02,10.32,36.97
2017-05-03,10.39,36.98
2017-05-04,10.1,36.85
2017-05-05,10.19,36.82
2017-05-08,10.04,36.54
2017-05-09,10.18,36.37
2017-05-10,10.79,36.01
2017-05-11,11.07,35.69
2017-05-12,11.26,35.53
2017-05-15,11.42,35.63
2017-05-16,12.75,35.82
2017-05-17,11.2,35.04
2017-05-18,11.275,35.22
2017-05-19,11.41,35.4
2017-05-22,11.04,35.77
2017-05-23,10.89,35.86
2017-05-24,10.89,36.12
2017-05-25,10.98,36.26
2017-05-26,11.0,36.26
2017-05-30,11.12,36.18
2017-05-31,11.19,36.11
2017-06-01,10.93,36.12
2017-06-02,10.9,36.32
2017-06-05,11.24,36.34
2017-06-06,12.03,36.13
2017-06-07,12.38,36.26
2017-06-08,12.9,36.48
2017-06-09,12.28,35.71
2017-06-12,12.09,35.73
2017-06-13,11.96,35.88
2017-06-14,11.77,35.53
2017-06-15,11.5,35.31
2017-06-16,11.44,35.21
2017-06-19,11.93,35.51
2017-06-20,12.64,34.86
2017-06-21,13.98,34.58
2017-06-22,14.38,34.36
2017-06-23,14.17,34.19
2017-06-26,14.08,34.07
2017-06-27,13.4,33.65
2017-06-28,13.23,34.2
2017-06-29,12.6,33.54
2017-06-30,12.48,33.74
2017-07-03,12.15,33.46
2017-07-05,13.19,34.34
2017-07-06,13.02,33.63
2017-07-07,13.36,33.88
2017-07-10,13.81,33.65
2017-07-11,13.89,33.92
2017-07-12,14.29,34.25
2017-07-13,13.53,34.24
2017-07-14,13.92,34.68
2017-07-17,13.8,34.47
2017-07-18,13.48,34.53
2017-07-19,13.55,34.56
2017-07-20,13.8,34.75
2017-07-21,13.88,34.73
2017-07-24,14.16,34.5
2017-07-25,14.11,34.67
2017-07-26,14.76,34.75
2017-07-27,14.12,34.97
2017-07-28,13.95,35.31
2017-07-31,13.61,35.47
2017-08-01,13.71,36.43
2017-08-02,13.37,36.64
2017-08-03,13.24,36.49
2017-08-04,13.12,36.3
2017-08-07,13.43,36.43
2017-08-08,13.11,36.41
2017-08-09,12.83,36.59
2017-08-10,12.12,36.14
2017-08-11,12.23,35.87
2017-08-14,12.76,36.34
2017-08-15,13.02,36.0
2017-08-16,12.63,35.81
2017-08-17,12.34,35.17
2017-08-18,12.37,35.01
2017-08-21,12.05,34.92
2017-08-22,12.17,34.65
2017-08-23,12.48,34.66
2017-08-24,12.5,34.71
2017-08-25,12.43,34.67
2017-08-28,12.23,34.65
2017-08-29,12.15,34.73
2017-08-30,12.67,34.89
2017-08-31,13.0,35.07
2017-09-01,13.19,35.09
2017-09-05,12.92,35.02
2017-09-06,12.86,35.76
2017-09-07,12.63,35.54
2017-09-08,12.25,35.19
2017-09-11,12.55,35.77
2017-09-12,12.3,36.09
2017-09-13,12.22,36.33
2017-09-14,12.26,36.48
2017-09-15,12.52,37.0
2017-09-18,13.08,37.0
2017-09-19,13.12,37.23
2017-09-20,13.74,37.07
2017-09-21,13.41,37.2
2017-09-22,13.3,37.18
2017-09-25,12.61,37.16
2017-09-26,12.45,37.47
2017-09-27,12.74,37.54
2017-09-28,12.74,37.83
2017-09-29,12.75,38.08
2017-10-02,12.71,39.04
2017-10-03,13.42,39.38
2017-10-04,13.31,39.34
2017-10-05,13.34,39.53
2017-10-06,13.23,39.63
2017-10-09,13.47,39.86
2017-10-10,13.7,39.65
2017-10-11,13.88,39.3
2017-10-12,14.2,39.19
2017-10-13,14.22,39.67
2017-10-16,14.26,39.76
2017-10-17,14.16,39.79
2017-10-18,14.07,40.25
2017-10-19,13.95,40.09
2017-10-20,13.81,40.43
2017-10-23,14.1,40.83
2017-10-24,14.25,40.95
2017-10-25,12.33,40.78
2017-10-26,12.005,41.35
2017-10-27,11.84,44.4
2017-10-30,10.89,44.37
2017-10-31,10.985,45.49
2017-11-01,10.8,46.71
2017-11-02,10.85,47.1
2017-11-03,11.12,46.34
2017-11-06,11.93,46.7
2017-11-07,12.05,46.78
2017-11-08,11.71,46.7
2017-11-09,11.12,46.3
2017-11-10,11.26,45.58
2017-11-13,11.09,45.75
2017-11-14,11.12,45.86
2017-11-15,11.07,45.46
2017-11-16,11.25,45.65
2017-11-17,11.38,44.63
2017-11-20,11.34,44.62
2017-11-21,11.4,44.94
2017-11-22,11.37,44.65
2017-11-24,11.38,44.75
2017-11-27,11.55,44.49
2017-11-28,11.17,44.73
2017-11-29,10.83,43.95
2017-11-30,10.89,44.84
2017-12-01,10.73,44.68
2017-12-04,10.03,44.49
2017-12-05,9.91,43.44
2017-12-06,10.0,43.45
2017-12-07,10.04,43.08
2017-12-08,9.94,43.35
2017-12-11,10.16,43.66
2017-12-12,9.9,43.33
2017-12-13,10.11,43.34
2017-12-14,10.13,43.26
2017-12-15,10.29,44.56
2017-12-18,10.98,46.26
2017-12-19,10.95,47.04
2017-12-20,10.98,47.56
2017-12-21,10.89,46.76
2017-12-22,10.54,46.7
2017-12-26,10.46,46.08
2017-12-27,10.53,46.11
2017-12-28,10.55,46.22
2017-12-29,10.28,46.16
2018-01-02,10.98,46.85
2018-01-03,11.55,45.26
2018-01-04,12.12,44.43
2018-01-05,11.88,44.74
2018-01-08,12.28,44.74
2018-01-09,11.82,43.62
2018-01-10,11.96,42.5
2018-01-11,12.14,43.41
2018-01-12,12.02,43.24
2018-01-16,11.91,43.14
2018-01-17,12.18,44.39
2018-01-18,12.47,44.48
2018-01-19,12.59,44.82
2018-01-22,12.65,45.75
2018-01-23,12.94,46.06
2018-01-24,12.71,45.51
2018-01-25,12.41,45.3
2018-01-26,12.95,50.08
2018-01-29,13.32,49.98
2018-01-30,12.87,48.79
2018-01-31,13.74,48.14
2018-02-01,13.25,47.65
2018-02-02,12.45,46.15
2018-02-05,11.57,44.52
2018-02-06,11.65,44.91
2018-02-07,11.6,45.2
